customer_id,name,plan_type,region
1001,Aryan Rao,Prepaid,Kochi
1002,Kiara Bose,Prepaid,Chennai
1003,Dhruv Reddy,Prepaid,Ahmedabad
1004,Suresh Patel,Prepaid,Mumbai
1005,Ira Desai,Prepaid,Chandigarh
1006,Diya Dhillon,Postpaid,Kolkata
1007,Rajesh Ghosh,Postpaid,Indore
1008,Ishita Sharma,Prepaid,Kochi
1009,Suresh Banerjee,Postpaid,Chennai
1010,Ira Banerjee,Prepaid,Mumbai
1011,Karan Reddy,Postpaid,Nagpur
1012,Rohan Roy,Postpaid,Indore
1013,Aditya Deshpande,Prepaid,Surat
1014,Karan Gupta,Postpaid,Nagpur
1015,Aryan Choudhury,Postpaid,Ahmedabad
1016,Diya Dhillon,Prepaid,Delhi
1017,Kabir Desai,Postpaid,Mumbai
1018,Avni Desai,Prepaid,Hyderabad
1019,Kiara Deshpande,Postpaid,Chennai
1020,Rahul Chatterjee,Prepaid,Lucknow
1021,Kiara Kaur,Prepaid,Ahmedabad
1022,Aryan Mehta,Prepaid,Chennai
1023,Ankit Saxena,Postpaid,Surat
1024,Aryan Kaur,Prepaid,Lucknow
1025,Ravi Kumar,Prepaid,Nagpur
1026,Aditya Agarwal,Postpaid,Pune
1027,Sai Das,Postpaid,Kolkata
1028,Dev Trivedi,Postpaid,Surat
1029,Tara Jadhav,Postpaid,Chennai
1030,Sara Nair,Prepaid,Kochi
1031,Anjali Pillai,Postpaid,Kochi
1032,Ritu Joshi,Postpaid,Bengaluru
1033,Prisha Nair,Postpaid,Mumbai
1034,Arnav Kumar,Prepaid,Chennai
1035,Aryan Mehta,Postpaid,Ahmedabad
1036,Sai Saxena,Postpaid,Ahmedabad
1037,Ankit Krishnan,Postpaid,Chandigarh
1038,Ishita Sharma,Prepaid,Lucknow
1039,Nisha Pillai,Postpaid,Indore
1040,Dev Banerjee,Prepaid,Pune
1041,Suresh Mehta,Postpaid,Delhi
1042,Aayush Kapoor,Prepaid,Chandigarh
1043,Tara Reddy,Postpaid,Nagpur
1044,Aryan Menon,Prepaid,Chennai
1045,Rahul Mehta,Prepaid,Ahmedabad
1046,Ravi Trivedi,Prepaid,Mumbai
1047,Zara Mukherjee,Postpaid,Kolkata
1048,Arjun Bose,Prepaid,Mumbai
1049,Aayush Trivedi,Prepaid,Indore
1050,Divya Nair,Prepaid,Lucknow
1051,Priya Naidu,Prepaid,Pune
1052,Sneha Roy,Postpaid,Kolkata
1053,Zara Pillai,Prepaid,Kochi
1054,Navya Mishra,Postpaid,Jaipur
1055,Meera Krishnan,Postpaid,Mumbai
1056,Saanvi Desai,Prepaid,Bengaluru
1057,Vivaan Ghosh,Prepaid,Ahmedabad
1058,Prisha Sharma,Prepaid,Kochi
1059,Aryan Kumar,Prepaid,Mumbai
1060,Meera Patel,Postpaid,Mumbai
1061,Pooja Bose,Postpaid,Lucknow
1062,Neha Das,Prepaid,Kochi
1063,Zara Sinha,Postpaid,Kolkata
1064,Anaya Bhatt,Postpaid,Kolkata
1065,Krishna Reddy,Postpaid,Bengaluru
1066,Suresh Pandey,Postpaid,Nagpur
1067,Aayush Kumar,Prepaid,Delhi
1068,Vikram Banerjee,Prepaid,Kolkata
1069,Diya Jain,Postpaid,Chennai
1070,Suresh Shah,Postpaid,Jaipur
1071,Saanvi Singh,Postpaid,Indore
1072,Ishita Naidu,Prepaid,Delhi
1073,Dev Pillai,Prepaid,Mumbai
1074,Zara Bose,Prepaid,Hyderabad
1075,Neha Bhatt,Prepaid,Nagpur
1076,Vikram Kumar,Prepaid,Hyderabad
1077,Aarav Saxena,Postpaid,Surat
1078,Anaya Deshpande,Postpaid,Hyderabad
1079,Advait Naidu,Postpaid,Chennai
1080,Diya Khanna,Prepaid,Delhi
1081,Ritu Pillai,Prepaid,Kochi
1082,Ravi Kumar,Prepaid,Ahmedabad
1083,Priya Menon,Prepaid,Delhi
1084,Pooja Gupta,Prepaid,Mumbai
1085,Kavita Singh,Prepaid,Hyderabad
1086,Ishaan Sinha,Prepaid,Ahmedabad
1087,Kavita Patel,Prepaid,Hyderabad
1088,Kabir Ghosh,Postpaid,Surat
1089,Sara Das,Postpaid,Kolkata
1090,Sara Mishra,Prepaid,Lucknow
1091,Dev Chopra,Postpaid,Bengaluru
1092,Zara Singh,Prepaid,Jaipur
1093,Preeti Sinha,Prepaid,Mumbai
1094,Divya Das,Postpaid,Chennai
1095,Zara Chatterjee,Prepaid,Surat
1096,Saanvi Mukherjee,Postpaid,Chennai
1097,Rajesh Pillai,Postpaid,Ahmedabad
1098,Myra Jadhav,Prepaid,Lucknow
1099,Anika Naidu,Postpaid,Surat
1100,Kabir Reddy,Prepaid,Pune
1101,Ishaan Reddy,Prepaid,Pune
1102,Aarohi Roy,Prepaid,Kochi
1103,Amit Das,Postpaid,Chandigarh
1104,Neha Kapoor,Prepaid,Mumbai
1105,Aryan Joshi,Postpaid,Delhi
1106,Aarav Banerjee,Prepaid,Lucknow
1107,Sara Mehta,Postpaid,Chandigarh
1108,Reyansh Joshi,Prepaid,Mumbai
1109,Sai Kaur,Prepaid,Chandigarh
1110,Aditya Mukherjee,Prepaid,Hyderabad
1111,Shaurya Patel,Postpaid,Bengaluru
1112,Meera Patel,Postpaid,Kolkata
1113,Vihaan Bose,Prepaid,Bengaluru
1114,Shivansh Naidu,Postpaid,Ahmedabad
1115,Dhruv Iyer,Prepaid,Nagpur
1116,Aadhya Shah,Postpaid,Delhi
1117,Ananya Banerjee,Postpaid,Indore
1118,Kabir Bose,Postpaid,Chennai
1119,Anaya Kaur,Prepaid,Hyderabad
1120,Ishita Patel,Postpaid,Kolkata
1121,Diya Deshpande,Postpaid,Pune
1122,Anika Desai,Prepaid,Delhi
1123,Kabir Jain,Postpaid,Bengaluru
1124,Kiara Singh,Postpaid,Bengaluru
1125,Dev Menon,Postpaid,Lucknow
1126,Riya Pillai,Postpaid,Delhi
1127,Ishaan Kapoor,Prepaid,Ahmedabad
1128,Sara Patel,Prepaid,Ahmedabad
1129,Suresh Chatterjee,Postpaid,Hyderabad
1130,Kavita Menon,Prepaid,Hyderabad
1131,Meera Sinha,Prepaid,Pune
1132,Aditya Dhillon,Postpaid,Delhi
1133,Sneha Pillai,Prepaid,Bengaluru
1134,Suresh Singh,Postpaid,Ahmedabad
1135,Ravi More,Prepaid,Kochi
1136,Meera Chopra,Postpaid,Lucknow
1137,Manoj Agarwal,Postpaid,Kochi
1138,Aarohi Naidu,Prepaid,Kolkata
1139,Manoj More,Postpaid,Lucknow
1140,Dhruv Shah,Postpaid,Hyderabad
1141,Anjali Sharma,Postpaid,Pune
1142,Ira Joshi,Postpaid,Jaipur
1143,Rajesh Kulkarni,Prepaid,Chandigarh
1144,Priya Mehta,Prepaid,Pune
1145,Pooja More,Postpaid,Mumbai
1146,Anika Bose,Postpaid,Kolkata
1147,Myra Jain,Prepaid,Delhi
1148,Aditya Bose,Postpaid,Ahmedabad
1149,Avni Singh,Postpaid,Hyderabad
1150,Nisha Patil,Prepaid,Kochi
1151,Advait Saxena,Postpaid,Hyderabad
1152,Saanvi Iyer,Prepaid,Surat
1153,Arnav Reddy,Postpaid,Kolkata
1154,Ananya Kaur,Postpaid,Delhi
1155,Anjali Bose,Prepaid,Jaipur
1156,Shaurya Deshpande,Postpaid,Indore
1157,Meera Kulkarni,Postpaid,Nagpur
1158,Tara Naidu,Postpaid,Surat
1159,Aadhya Bhatt,Postpaid,Pune
1160,Arnav Bose,Postpaid,Indore
1161,Shivansh Krishnan,Postpaid,Lucknow
1162,Saanvi Malhotra,Postpaid,Mumbai
1163,Reyansh Khanna,Prepaid,Pune
1164,Amit Agarwal,Prepaid,Chennai
1165,Atharv Desai,Postpaid,Kochi
1166,Atharv Dhillon,Prepaid,Mumbai
1167,Manoj Pandey,Postpaid,Chandigarh
1168,Ankit Pandey,Prepaid,Kolkata
1169,Riya Pandey,Postpaid,Surat
1170,Shivansh Ghosh,Prepaid,Nagpur
1171,Nisha Sinha,Postpaid,Jaipur
1172,Aarav Chatterjee,Postpaid,Indore
1173,Karan Pandey,Prepaid,Jaipur
1174,Prisha Malhotra,Postpaid,Jaipur
1175,Vivaan Saxena,Postpaid,Lucknow
1176,Vihaan Mishra,Prepaid,Nagpur
1177,Ankit Nair,Prepaid,Surat
1178,Vikram Ghosh,Prepaid,Mumbai
1179,Dev Joshi,Prepaid,Nagpur
1180,Ankit Shah,Prepaid,Pune
1181,Karan Agarwal,Prepaid,Jaipur
1182,Ravi Banerjee,Postpaid,Pune
1183,Arnav Pandey,Postpaid,Nagpur
1184,Ayaan Bhatt,Prepaid,Kochi
1185,Divya Kumar,Postpaid,Kolkata
1186,Dev Singh,Prepaid,Indore
1187,Vivaan Bose,Prepaid,Nagpur
1188,Vivaan Choudhury,Prepaid,Kolkata
1189,Shaurya Bhatt,Prepaid,Ahmedabad
1190,Ira Deshpande,Postpaid,Indore
1191,Rahul Mehta,Prepaid,Indore
1192,Anika Mehta,Postpaid,Mumbai
1193,Ritu Verma,Postpaid,Ahmedabad
1194,Vihaan Saxena,Postpaid,Kochi
1195,Diya Singh,Prepaid,Mumbai
1196,Advait Chopra,Prepaid,Indore
1197,Shreya Patel,Postpaid,Chandigarh
1198,Suresh More,Postpaid,Mumbai
1199,Pooja Jadhav,Postpaid,Delhi
1200,Avni Pandey,Postpaid,Mumbai
1201,Suresh Mukherjee,Postpaid,Kochi
1202,Atharv Joshi,Prepaid,Kochi
1203,Sneha Jadhav,Postpaid,Ahmedabad
1204,Myra Pillai,Postpaid,Jaipur
1205,Suresh Ghosh,Postpaid,Bengaluru
1206,Avni Bose,Prepaid,Pune
1207,Nisha Kulkarni,Prepaid,Indore
1208,Ankit Sinha,Postpaid,Bengaluru
1209,Vivaan Trivedi,Postpaid,Chennai
1210,Neha Das,Postpaid,Indore
1211,Sara Banerjee,Postpaid,Surat
1212,Kavita Kaur,Postpaid,Chandigarh
1213,Aarav Krishnan,Prepaid,Mumbai
1214,Saanvi Pandey,Postpaid,Chandigarh
1215,Arnav Bose,Postpaid,Lucknow
1216,Reyansh Trivedi,Postpaid,Indore
1217,Vivaan Gupta,Postpaid,Kolkata
1218,Vikram Kaur,Prepaid,Pune
1219,Kabir Ghosh,Postpaid,Jaipur
1220,Anjali Krishnan,Postpaid,Hyderabad
1221,Dhruv Naidu,Postpaid,Bengaluru
1222,Advait Deshpande,Postpaid,Pune
1223,Sara Desai,Prepaid,Kochi
1224,Diya Agarwal,Prepaid,Kochi
1225,Divya Kaur,Prepaid,Kolkata
1226,Ira Bhatt,Postpaid,Kochi
1227,Ritu Krishnan,Postpaid,Mumbai
1228,Riya Jain,Postpaid,Kolkata
1229,Rahul Shah,Postpaid,Delhi
1230,Reyansh Pillai,Prepaid,Pune
1231,Aditya Kumar,Postpaid,Kochi
1232,Shaurya Patil,Postpaid,Mumbai
1233,Ishita Sharma,Postpaid,Jaipur
1234,Priya Kulkarni,Postpaid,Chennai
1235,Arjun Kapoor,Postpaid,Mumbai
1236,Anika Singh,Postpaid,Jaipur
1237,Sai Sinha,Prepaid,Chennai
1238,Atharv Sinha,Postpaid,Mumbai
1239,Saanvi Rao,Postpaid,Ahmedabad
1240,Kavita Choudhury,Prepaid,Indore
1241,Sneha Saxena,Postpaid,Surat
1242,Rajesh Chopra,Postpaid,Pune
1243,Shreya Choudhury,Prepaid,Ahmedabad
1244,Dhruv Reddy,Prepaid,Lucknow
1245,Ira Kapoor,Prepaid,Chennai
1246,Saanvi Shah,Prepaid,Chennai
1247,Aarav Pandey,Postpaid,Kochi
1248,Kavita Bhatt,Postpaid,Delhi
1249,Prisha Khanna,Postpaid,Kochi
1250,Ishita Deshpande,Prepaid,Lucknow
1251,Prisha Kapoor,Prepaid,Hyderabad
1252,Ishaan Pillai,Prepaid,Lucknow
1253,Atharv Malhotra,Prepaid,Mumbai
1254,Arjun Mehta,Postpaid,Ahmedabad
1255,Dhruv Sinha,Postpaid,Jaipur
1256,Ishaan Deshpande,Postpaid,Kochi
1257,Vikram Malhotra,Postpaid,Jaipur
1258,Ayaan Roy,Prepaid,Surat
1259,Suresh Agarwal,Postpaid,Delhi
1260,Ayaan Desai,Prepaid,Indore
1261,Vihaan Malhotra,Prepaid,Indore
1262,Arnav Shah,Postpaid,Chandigarh
1263,Dev Kulkarni,Postpaid,Chennai
1264,Ritu Joshi,Postpaid,Mumbai
1265,Priya Chatterjee,Postpaid,Bengaluru
1266,Ravi More,Prepaid,Nagpur
1267,Aadhya Banerjee,Postpaid,Kochi
1268,Neha Khanna,Postpaid,Nagpur
1269,Arnav Naidu,Prepaid,Jaipur
1270,Ayaan Agarwal,Postpaid,Bengaluru
1271,Ishaan Mishra,Prepaid,Lucknow
1272,Ishita Pillai,Postpaid,Hyderabad
1273,Arjun Jain,Postpaid,Ahmedabad
1274,Arnav Trivedi,Postpaid,Indore
1275,Arjun Das,Postpaid,Chandigarh
1276,Shaurya Khanna,Postpaid,Surat
1277,Advait Trivedi,Prepaid,Delhi
1278,Aryan Roy,Prepaid,Kochi
1279,Aadhya Chopra,Prepaid,Chandigarh
1280,Manoj Gupta,Prepaid,Nagpur
1281,Tara Rao,Postpaid,Mumbai
1282,Dev Iyer,Postpaid,Surat
1283,Reyansh Khanna,Postpaid,Hyderabad
1284,Riya Bhatt,Postpaid,Kolkata
1285,Ankit Naidu,Prepaid,Hyderabad
1286,Diya Roy,Prepaid,Nagpur
1287,Sai Malhotra,Postpaid,Bengaluru
1288,Zara Menon,Postpaid,Nagpur
1289,Aarav Khanna,Postpaid,Nagpur
1290,Ritu Ghosh,Postpaid,Nagpur
1291,Atharv Kulkarni,Postpaid,Bengaluru
1292,Amit Naidu,Postpaid,Jaipur
1293,Zara Agarwal,Prepaid,Kochi
1294,Saanvi Sinha,Postpaid,Kolkata
1295,Avni Pandey,Prepaid,Bengaluru
1296,Dhruv Bhatt,Postpaid,Hyderabad
1297,Kabir Jadhav,Prepaid,Jaipur
1298,Aditya Nair,Postpaid,Nagpur
1299,Krishna Kulkarni,Prepaid,Chandigarh
1300,Tara Deshpande,Prepaid,Kochi
1301,Atharv Pandey,Prepaid,Mumbai
1302,Priya Kapoor,Postpaid,Ahmedabad
1303,Advait Mishra,Prepaid,Nagpur
1304,Amit Pawar,Postpaid,Bengaluru
1305,Aryan Dhillon,Postpaid,Nagpur
1306,Divya Patel,Prepaid,Kolkata
1307,Aryan Pawar,Postpaid,Kolkata
1308,Dhruv Gupta,Postpaid,Mumbai
1309,Arnav Patil,Prepaid,Jaipur
1310,Aadhya Kaur,Postpaid,Surat
1311,Vivaan Patel,Postpaid,Indore
1312,Arjun Khanna,Postpaid,Bengaluru
1313,Suresh Iyer,Prepaid,Chandigarh
1314,Manoj Sinha,Prepaid,Chennai
1315,Ananya Gupta,Postpaid,Ahmedabad
1316,Vihaan Bose,Postpaid,Surat
1317,Ritu Iyer,Prepaid,Jaipur
1318,Aryan Kapoor,Postpaid,Pune
1319,Kabir Sharma,Postpaid,Surat
1320,Aarohi Pawar,Prepaid,Mumbai
1321,Rajesh Chatterjee,Postpaid,Lucknow
1322,Suresh Kaur,Postpaid,Jaipur
1323,Avni Chopra,Prepaid,Hyderabad
1324,Avni Bhatt,Prepaid,Kolkata
1325,Karan Sinha,Postpaid,Ahmedabad
1326,Aarohi Kaur,Postpaid,Delhi
1327,Riya More,Postpaid,Pune
1328,Aarav Sinha,Prepaid,Surat
1329,Kavita Trivedi,Postpaid,Indore
1330,Myra Desai,Postpaid,Kolkata
1331,Aryan Jain,Postpaid,Lucknow
1332,Arnav More,Prepaid,Lucknow
1333,Krishna Patil,Prepaid,Pune
1334,Anaya Kulkarni,Prepaid,Ahmedabad
1335,Rahul Nair,Prepaid,Surat
1336,Aarohi Agarwal,Postpaid,Chennai
1337,Diya Nair,Postpaid,Chandigarh
1338,Pooja Malhotra,Prepaid,Pune
1339,Tara Bhatt,Postpaid,Kochi
1340,Ishita Banerjee,Prepaid,Jaipur
1341,Sai Iyer,Prepaid,Nagpur
1342,Vihaan Pawar,Postpaid,Nagpur
1343,Myra Naidu,Postpaid,Mumbai
1344,Anaya Mishra,Prepaid,Pune
1345,Divya Rao,Postpaid,Bengaluru
1346,Vihaan Pawar,Postpaid,Ahmedabad
1347,Karan Patil,Postpaid,Mumbai
1348,Vihaan Desai,Postpaid,Delhi
1349,Preeti Naidu,Postpaid,Surat
1350,Preeti Desai,Prepaid,Lucknow
1351,Anika Deshpande,Postpaid,Lucknow
1352,Manoj Rao,Prepaid,Delhi
1353,Aditya Chopra,Postpaid,Mumbai
1354,Krishna Bose,Prepaid,Hyderabad
1355,Ankit Mukherjee,Postpaid,Ahmedabad
1356,Dhruv Iyer,Postpaid,Lucknow
1357,Krishna Trivedi,Postpaid,Pune
1358,Aditya Kaur,Postpaid,Kolkata
1359,Rajesh Kulkarni,Prepaid,Nagpur
1360,Rahul Reddy,Postpaid,Chandigarh
1361,Meera Jadhav,Postpaid,Delhi
1362,Vikram Malhotra,Prepaid,Mumbai
1363,Avni Deshpande,Prepaid,Lucknow
1364,Ira Jadhav,Prepaid,Delhi
1365,Anaya Banerjee,Prepaid,Chennai
1366,Anaya Sinha,Prepaid,Mumbai
1367,Riya Naidu,Prepaid,Ahmedabad
1368,Ira Desai,Postpaid,Indore
1369,Atharv Roy,Prepaid,Pune
1370,Avni Iyer,Prepaid,Chandigarh
1371,Sara Shah,Prepaid,Lucknow
1372,Ishita Verma,Prepaid,Delhi
1373,Rohan Bose,Postpaid,Delhi
1374,Ananya Kapoor,Prepaid,Chennai
1375,Dhruv Pandey,Prepaid,Kochi
1376,Sai Bhatt,Postpaid,Indore
1377,Rahul Menon,Prepaid,Jaipur
1378,Pooja Desai,Prepaid,Kochi
1379,Anaya More,Postpaid,Jaipur
1380,Dev Verma,Prepaid,Jaipur
1381,Avni Mishra,Postpaid,Lucknow
1382,Krishna Trivedi,Postpaid,Mumbai
1383,Meera Gupta,Postpaid,Ahmedabad
1384,Atharv Singh,Prepaid,Pune
1385,Preeti Patil,Postpaid,Hyderabad
1386,Kavita Krishnan,Postpaid,Jaipur
1387,Pooja Roy,Postpaid,Mumbai
1388,Anaya Kaur,Prepaid,Nagpur
1389,Dev Jadhav,Prepaid,Hyderabad
1390,Rajesh Desai,Postpaid,Bengaluru
1391,Anika Deshpande,Postpaid,Hyderabad
1392,Aayush Reddy,Postpaid,Hyderabad
1393,Ravi More,Postpaid,Bengaluru
1394,Atharv Pawar,Postpaid,Mumbai
1395,Ayaan Gupta,Prepaid,Hyderabad
1396,Krishna Mukherjee,Prepaid,Chandigarh
1397,Arjun Ghosh,Postpaid,Lucknow
1398,Ishaan Pandey,Postpaid,Nagpur
1399,Kabir Joshi,Prepaid,Pune
1400,Kavita Chopra,Postpaid,Mumbai
1401,Shreya Menon,Prepaid,Chennai
1402,Kabir Bhatt,Prepaid,Nagpur
1403,Krishna Chatterjee,Postpaid,Mumbai
1404,Arnav Malhotra,Prepaid,Indore
1405,Suresh Naidu,Prepaid,Ahmedabad
1406,Zara More,Postpaid,Delhi
1407,Ananya Malhotra,Postpaid,Surat
1408,Amit Chatterjee,Prepaid,Chennai
1409,Ishita Iyer,Postpaid,Mumbai
1410,Atharv Patil,Prepaid,Mumbai
1411,Dhruv Krishnan,Prepaid,Hyderabad
1412,Manoj Deshpande,Postpaid,Chennai
1413,Rahul Chopra,Postpaid,Indore
1414,Shreya Roy,Prepaid,Surat
1415,Arjun Iyer,Prepaid,Indore
1416,Preeti Kumar,Prepaid,Pune
1417,Rajesh More,Postpaid,Jaipur
1418,Kavita Kulkarni,Postpaid,Pune
1419,Ira Menon,Prepaid,Bengaluru
1420,Suresh Rao,Postpaid,Lucknow
1421,Vihaan Ghosh,Postpaid,Chandigarh
1422,Kabir Chopra,Prepaid,Kolkata
1423,Vikram Roy,Prepaid,Delhi
1424,Ira Chopra,Prepaid,Indore
1425,Shaurya Kapoor,Postpaid,Bengaluru
1426,Ishaan Sharma,Postpaid,Kochi
1427,Suresh Shah,Prepaid,Hyderabad
1428,Divya Dhillon,Prepaid,Chandigarh
1429,Anjali More,Postpaid,Mumbai
1430,Vikram Patel,Postpaid,Delhi
1431,Ankit Singh,Postpaid,Ahmedabad
1432,Suresh Sinha,Postpaid,Kochi
1433,Aryan Pandey,Postpaid,Mumbai
1434,Vikram Verma,Postpaid,Chennai
1435,Myra Choudhury,Postpaid,Nagpur
1436,Advait Mukherjee,Prepaid,Hyderabad
1437,Avni Reddy,Prepaid,Hyderabad
1438,Ritu Mishra,Prepaid,Hyderabad
1439,Ishita Chopra,Postpaid,Kolkata
1440,Amit Mehta,Prepaid,Chandigarh
1441,Aryan Rao,Prepaid,Surat
1442,Shivansh Chatterjee,Postpaid,Kochi
1443,Anika Jadhav,Prepaid,Kolkata
1444,Krishna Iyer,Postpaid,Kolkata
1445,Ananya Roy,Prepaid,Indore
1446,Arnav Jadhav,Prepaid,Chennai
1447,Shivansh Patil,Postpaid,Jaipur
1448,Arnav Sinha,Postpaid,Lucknow
1449,Zara Sinha,Postpaid,Nagpur
1450,Aryan Agarwal,Prepaid,Jaipur
1451,Sai Bhatt,Postpaid,Lucknow
1452,Navya Malhotra,Prepaid,Bengaluru
1453,Pooja Singh,Postpaid,Jaipur
1454,Rajesh Patel,Prepaid,Bengaluru
1455,Riya Khanna,Prepaid,Lucknow
1456,Ishita Gupta,Postpaid,Jaipur
1457,Ritu Naidu,Prepaid,Jaipur
1458,Tara Sinha,Prepaid,Bengaluru
1459,Kavita Bhatt,Prepaid,Delhi
1460,Rajesh Reddy,Postpaid,Kochi
1461,Ayaan Menon,Prepaid,Delhi
1462,Saanvi Dhillon,Postpaid,Jaipur
1463,Sneha Krishnan,Prepaid,Bengaluru
1464,Rahul Khanna,Postpaid,Hyderabad
1465,Shivansh Banerjee,Prepaid,Indore
1466,Aryan Jadhav,Postpaid,Mumbai
1467,Amit Reddy,Postpaid,Pune
1468,Sara More,Prepaid,Bengaluru
1469,Ayaan Ghosh,Prepaid,Surat
1470,Rohan Chopra,Postpaid,Chennai
1471,Kavita Dhillon,Prepaid,Pune
1472,Anjali Saxena,Postpaid,Nagpur
1473,Shaurya More,Prepaid,Lucknow
1474,Kabir Joshi,Postpaid,Delhi
1475,Rahul Chopra,Prepaid,Kolkata
1476,Amit Trivedi,Prepaid,Kolkata
1477,Shaurya Iyer,Prepaid,Pune
1478,Avni Reddy,Prepaid,Lucknow
1479,Amit Choudhury,Prepaid,Ahmedabad
1480,Karan Iyer,Prepaid,Chennai
1481,Riya Kaur,Prepaid,Kochi
1482,Rajesh Patel,Postpaid,Bengaluru
1483,Vihaan Bose,Postpaid,Ahmedabad
1484,Aarohi Kulkarni,Prepaid,Chandigarh
1485,Saanvi Chopra,Postpaid,Surat
1486,Riya Jain,Postpaid,Lucknow
1487,Shreya Kulkarni,Postpaid,Indore
1488,Aarohi Saxena,Postpaid,Chennai
1489,Anika Jain,Prepaid,Nagpur
1490,Sara Kumar,Postpaid,Nagpur
1491,Rahul Naidu,Prepaid,Kochi
1492,Avni Krishnan,Prepaid,Pune
1493,Ayaan Mehta,Postpaid,Jaipur
1494,Meera Menon,Prepaid,Nagpur
1495,Suresh Gupta,Prepaid,Nagpur
1496,Rajesh Chatterjee,Prepaid,Hyderabad
1497,Arjun Mishra,Postpaid,Kolkata
1498,Karan Gupta,Postpaid,Kolkata
1499,Vivaan Agarwal,Prepaid,Nagpur
1500,Reyansh Jadhav,Postpaid,Indore
1501,Atharv Nair,Prepaid,Pune
1502,Tara Bhatt,Prepaid,Indore
1503,Reyansh Bhatt,Postpaid,Ahmedabad
1504,Aarav Gupta,Prepaid,Pune
1505,Ira Iyer,Postpaid,Mumbai
1506,Shivansh Khanna,Prepaid,Pune
1507,Ishaan Kumar,Prepaid,Hyderabad
1508,Aryan Choudhury,Postpaid,Mumbai
1509,Ishaan Trivedi,Prepaid,Lucknow
1510,Pooja Sinha,Prepaid,Kochi
1511,Atharv Khanna,Postpaid,Delhi
1512,Preeti Chatterjee,Prepaid,Ahmedabad
1513,Manoj Shah,Prepaid,Chandigarh
1514,Rahul Singh,Prepaid,Hyderabad
1515,Ishita Bhatt,Prepaid,Lucknow
1516,Karan Mukherjee,Postpaid,Kochi
1517,Vivaan Chatterjee,Prepaid,Bengaluru
1518,Saanvi More,Prepaid,Indore
1519,Ritu Banerjee,Prepaid,Delhi
1520,Rohan Pillai,Postpaid,Nagpur
1521,Dev Shah,Postpaid,Kochi
1522,Priya Patil,Prepaid,Indore
1523,Shaurya Singh,Postpaid,Delhi
1524,Aarohi Jain,Prepaid,Indore
1525,Diya Patel,Postpaid,Surat
1526,Navya Menon,Postpaid,Nagpur
1527,Divya Bhatt,Postpaid,Delhi
1528,Arnav Jadhav,Prepaid,Pune
1529,Rohan Kumar,Postpaid,Pune
1530,Ishaan Mukherjee,Postpaid,Surat
1531,Vikram Kulkarni,Postpaid,Bengaluru
1532,Ananya Trivedi,Postpaid,Bengaluru
1533,Zara Krishnan,Postpaid,Indore
1534,Ayaan Joshi,Prepaid,Hyderabad
1535,Kavita Shah,Postpaid,Bengaluru
1536,Krishna Gupta,Postpaid,Lucknow
1537,Aarohi Chopra,Postpaid,Ahmedabad
1538,Reyansh Joshi,Prepaid,Kochi
1539,Rajesh Chatterjee,Postpaid,Delhi
1540,Aayush Chatterjee,Postpaid,Pune
1541,Aryan Kumar,Prepaid,Lucknow
1542,Aryan Mishra,Postpaid,Chandigarh
1543,Myra Pawar,Prepaid,Delhi
1544,Atharv Roy,Postpaid,Delhi
1545,Shaurya Singh,Prepaid,Indore
1546,Dev Mukherjee,Postpaid,Hyderabad
1547,Shreya Patel,Prepaid,Lucknow
1548,Rajesh Mukherjee,Postpaid,Jaipur
1549,Arnav Singh,Prepaid,Chandigarh
1550,Rahul Mishra,Postpaid,Lucknow
1551,Kiara Bose,Prepaid,Delhi
1552,Dhruv Shah,Postpaid,Chandigarh
1553,Karan Naidu,Prepaid,Pune
1554,Shivansh Kapoor,Postpaid,Kolkata
1555,Preeti Khanna,Postpaid,Kolkata
1556,Ishaan Nair,Prepaid,Jaipur
1557,Ananya Dhillon,Postpaid,Mumbai
1558,Myra Pawar,Postpaid,Lucknow
1559,Rohan Dhillon,Prepaid,Chandigarh
1560,Divya Khanna,Postpaid,Nagpur
1561,Aadhya Dhillon,Prepaid,Indore
1562,Rahul Menon,Prepaid,Mumbai
1563,Diya Nair,Prepaid,Indore
1564,Neha Verma,Postpaid,Chandigarh
1565,Shreya Mukherjee,Postpaid,Indore
1566,Anjali Nair,Prepaid,Mumbai
1567,Navya Mishra,Postpaid,Chandigarh
1568,Manoj Pandey,Prepaid,Chennai
1569,Ravi Jadhav,Prepaid,Jaipur
1570,Ankit Pawar,Postpaid,Chennai
1571,Nisha Naidu,Prepaid,Indore
1572,Shaurya Joshi,Prepaid,Nagpur
1573,Ishaan Krishnan,Prepaid,Pune
1574,Aadhya Mehta,Postpaid,Surat
1575,Reyansh Desai,Postpaid,Chandigarh
1576,Meera Khanna,Prepaid,Pune
1577,Diya Patil,Postpaid,Chennai
1578,Aryan Chopra,Prepaid,Chandigarh
1579,Dev Mehta,Prepaid,Chennai
1580,Kabir Choudhury,Postpaid,Nagpur
1581,Zara Sinha,Prepaid,Nagpur
1582,Ishita Verma,Prepaid,Delhi
1583,Dev Sinha,Postpaid,Lucknow
1584,Ira Sinha,Postpaid,Ahmedabad
1585,Aryan Verma,Postpaid,Surat
1586,Aryan Pillai,Postpaid,Lucknow
1587,Navya Bhatt,Prepaid,Indore
1588,Myra Pawar,Postpaid,Pune
1589,Ankit Singh,Prepaid,Chennai
1590,Rajesh Pandey,Postpaid,Jaipur
1591,Ira Banerjee,Prepaid,Bengaluru
1592,Ishita Dhillon,Postpaid,Kochi
1593,Ishita Chatterjee,Postpaid,Chennai
1594,Arnav Mukherjee,Prepaid,Bengaluru
1595,Saanvi Deshpande,Prepaid,Pune
1596,Rajesh Bose,Prepaid,Mumbai
1597,Arjun Khanna,Postpaid,Nagpur
1598,Preeti Pandey,Prepaid,Nagpur
1599,Meera Mehta,Postpaid,Surat
1600,Shreya Agarwal,Prepaid,Indore
1601,Aadhya Trivedi,Postpaid,Jaipur
1602,Nisha Chopra,Postpaid,Delhi
1603,Ayaan Mishra,Postpaid,Kolkata
1604,Ira Ghosh,Postpaid,Delhi
1605,Arjun Khanna,Postpaid,Ahmedabad
1606,Nisha Jadhav,Postpaid,Pune
1607,Divya Sharma,Prepaid,Hyderabad
1608,Shaurya Kapoor,Postpaid,Indore
1609,Vikram Mukherjee,Prepaid,Hyderabad
1610,Arjun Sinha,Prepaid,Bengaluru
1611,Anjali Khanna,Prepaid,Hyderabad
1612,Pooja Kulkarni,Postpaid,Nagpur
1613,Preeti Pawar,Prepaid,Chennai
1614,Krishna Mishra,Postpaid,Indore
1615,Amit Naidu,Postpaid,Indore
1616,Atharv Jain,Postpaid,Chandigarh
1617,Aditya Patel,Prepaid,Chennai
1618,Reyansh Banerjee,Postpaid,Chandigarh
1619,Ankit Iyer,Prepaid,Bengaluru
1620,Zara Choudhury,Postpaid,Chennai
1621,Vikram Choudhury,Postpaid,Ahmedabad
1622,Amit Menon,Postpaid,Kochi
1623,Shreya Chopra,Postpaid,Nagpur
1624,Vivaan Mukherjee,Postpaid,Lucknow
1625,Ishaan Pandey,Postpaid,Indore
1626,Meera Kaur,Prepaid,Ahmedabad
1627,Priya Kapoor,Prepaid,Kochi
1628,Arjun Ghosh,Postpaid,Chennai
1629,Sneha Patil,Postpaid,Chennai
1630,Anika Pawar,Prepaid,Delhi
1631,Shreya Kaur,Prepaid,Kolkata
1632,Vivaan Kulkarni,Postpaid,Hyderabad
1633,Atharv Pandey,Prepaid,Hyderabad
1634,Pooja Choudhury,Postpaid,Nagpur
1635,Avni Kumar,Prepaid,Chandigarh
1636,Ira Naidu,Postpaid,Lucknow
1637,Priya Krishnan,Postpaid,Bengaluru
1638,Ananya Deshpande,Postpaid,Chandigarh
1639,Rohan Pawar,Postpaid,Ahmedabad
1640,Priya Jain,Prepaid,Pune
1641,Anjali Chopra,Prepaid,Pune
1642,Shivansh Khanna,Prepaid,Kochi
1643,Reyansh Trivedi,Postpaid,Jaipur
1644,Rohan Naidu,Postpaid,Pune
1645,Ishaan Sinha,Postpaid,Surat
1646,Vikram Chatterjee,Prepaid,Pune
1647,Aditya Khanna,Prepaid,Bengaluru
1648,Zara Kulkarni,Postpaid,Kochi
1649,Priya Das,Prepaid,Nagpur
1650,Divya Malhotra,Postpaid,Chennai
1651,Krishna Choudhury,Prepaid,Kolkata
1652,Arjun More,Prepaid,Lucknow
1653,Prisha Kumar,Prepaid,Hyderabad
1654,Amit Dhillon,Postpaid,Mumbai
1655,Vihaan Nair,Prepaid,Chandigarh
1656,Zara Mehta,Postpaid,Lucknow
1657,Zara Bhatt,Postpaid,Lucknow
1658,Diya Khanna,Postpaid,Pune
1659,Dev Kumar,Prepaid,Lucknow
1660,Shreya Desai,Prepaid,Surat
1661,Tara Shah,Postpaid,Surat
1662,Riya Shah,Prepaid,Nagpur
1663,Vikram Trivedi,Prepaid,Surat
1664,Dhruv Khanna,Prepaid,Delhi
1665,Navya Sinha,Prepaid,Surat
1666,Amit Khanna,Postpaid,Lucknow
1667,Divya Krishnan,Postpaid,Surat
1668,Shaurya Menon,Postpaid,Pune
1669,Diya Rao,Postpaid,Chennai
1670,Aayush Deshpande,Postpaid,Kochi
1671,Ananya Sharma,Postpaid,Indore
1672,Aarohi Sinha,Prepaid,Chennai
1673,Preeti Patil,Postpaid,Nagpur
1674,Suresh Menon,Postpaid,Mumbai
1675,Vikram More,Prepaid,Chennai
1676,Shaurya Bhatt,Postpaid,Surat
1677,Saanvi Sharma,Postpaid,Hyderabad
1678,Saanvi Kulkarni,Postpaid,Bengaluru
1679,Navya Ghosh,Prepaid,Pune
1680,Dev Mukherjee,Prepaid,Delhi
1681,Kabir Rao,Postpaid,Pune
1682,Aadhya Mishra,Postpaid,Kochi
1683,Ishaan Patil,Postpaid,Bengaluru
1684,Preeti Desai,Prepaid,Chennai
1685,Priya Iyer,Postpaid,Kochi
1686,Kavita Mukherjee,Postpaid,Kochi
1687,Anjali Bhatt,Prepaid,Indore
1688,Saanvi Pawar,Prepaid,Chandigarh
1689,Rajesh Krishnan,Postpaid,Mumbai
1690,Tara Sinha,Prepaid,Delhi
1691,Riya Naidu,Prepaid,Ahmedabad
1692,Divya Iyer,Prepaid,Bengaluru
1693,Avni Krishnan,Postpaid,Mumbai
1694,Vihaan Das,Postpaid,Mumbai
1695,Meera Menon,Postpaid,Indore
1696,Arjun Deshpande,Prepaid,Chandigarh
1697,Manoj Deshpande,Prepaid,Chandigarh
1698,Ankit Pawar,Postpaid,Kochi
1699,Vivaan Mishra,Postpaid,Nagpur
1700,Aarav Das,Prepaid,Delhi
1701,Suresh Chatterjee,Prepaid,Chandigarh
1702,Arjun Singh,Postpaid,Delhi
1703,Aarohi Pandey,Prepaid,Indore
1704,Shaurya Jadhav,Postpaid,Bengaluru
1705,Meera Saxena,Postpaid,Nagpur
1706,Tara Saxena,Postpaid,Mumbai
1707,Vihaan More,Prepaid,Lucknow
1708,Ishita Chatterjee,Prepaid,Chennai
1709,Divya Mishra,Prepaid,Kochi
1710,Prisha Sharma,Prepaid,Pune
1711,Ankit Pawar,Postpaid,Chandigarh
1712,Karan Desai,Prepaid,Jaipur
1713,Rohan Iyer,Postpaid,Kolkata
1714,Zara Rao,Prepaid,Indore
1715,Kabir Pandey,Prepaid,Kolkata
1716,Ira Singh,Prepaid,Ahmedabad
1717,Aditya Kulkarni,Prepaid,Kolkata
1718,Dhruv Patel,Postpaid,Jaipur
1719,Prisha Pillai,Prepaid,Indore
1720,Ishita Kumar,Prepaid,Chandigarh
1721,Aarohi Desai,Postpaid,Ahmedabad
1722,Kavita Pawar,Postpaid,Kolkata
1723,Navya Iyer,Prepaid,Hyderabad
1724,Navya Malhotra,Prepaid,Chandigarh
1725,Ritu Shah,Postpaid,Chandigarh
1726,Neha Kumar,Postpaid,Lucknow
1727,Kabir Saxena,Postpaid,Kochi
1728,Manoj Pandey,Prepaid,Pune
1729,Karan Shah,Postpaid,Kolkata
1730,Avni Desai,Postpaid,Nagpur
1731,Reyansh Iyer,Postpaid,Surat
1732,Arjun Naidu,Postpaid,Hyderabad
1733,Anjali Krishnan,Prepaid,Hyderabad
1734,Saanvi Kapoor,Prepaid,Bengaluru
1735,Dev Gupta,Postpaid,Nagpur
1736,Rahul Gupta,Prepaid,Delhi
1737,Kiara Saxena,Prepaid,Nagpur
1738,Sai Jain,Prepaid,Jaipur
1739,Ira Banerjee,Postpaid,Surat
1740,Aarav Das,Prepaid,Kochi
1741,Ishaan Bhatt,Prepaid,Kochi
1742,Kavita Dhillon,Prepaid,Hyderabad
1743,Tara Bose,Postpaid,Indore
1744,Aarohi Saxena,Postpaid,Chandigarh
1745,Dev Chatterjee,Postpaid,Pune
1746,Rahul Menon,Postpaid,Jaipur
1747,Krishna Bhatt,Postpaid,Surat
1748,Ira Mukherjee,Postpaid,Hyderabad
1749,Aditya Sinha,Prepaid,Kochi
1750,Atharv Verma,Postpaid,Chandigarh
1751,Zara Ghosh,Postpaid,Pune
1752,Atharv Jain,Postpaid,Kolkata
1753,Karan Sinha,Prepaid,Jaipur
1754,Anjali Jadhav,Postpaid,Pune
1755,Arnav Trivedi,Postpaid,Jaipur
1756,Aadhya Chatterjee,Prepaid,Chennai
1757,Aayush Pillai,Postpaid,Chennai
1758,Tara Pillai,Prepaid,Chandigarh
1759,Aditya Singh,Prepaid,Indore
1760,Aarav Pandey,Prepaid,Nagpur
1761,Aryan Desai,Prepaid,Kochi
1762,Atharv Sharma,Prepaid,Chandigarh
1763,Ankit Mukherjee,Prepaid,Ahmedabad
1764,Aryan More,Postpaid,Lucknow
1765,Neha Verma,Prepaid,Chandigarh
1766,Anjali Pandey,Prepaid,Delhi
1767,Sneha Malhotra,Postpaid,Delhi
1768,Pooja Kaur,Postpaid,Indore
1769,Tara Shah,Prepaid,Surat
1770,Krishna Krishnan,Prepaid,Kolkata
1771,Diya Choudhury,Postpaid,Nagpur
1772,Rohan Malhotra,Postpaid,Mumbai
1773,Rahul Mishra,Postpaid,Ahmedabad
1774,Saanvi Kaur,Prepaid,Pune
1775,Vihaan Gupta,Prepaid,Mumbai
1776,Vikram Saxena,Postpaid,Chandigarh
1777,Priya Kumar,Prepaid,Kochi
1778,Aadhya Gupta,Postpaid,Nagpur
1779,Suresh Jadhav,Postpaid,Ahmedabad
1780,Avni Reddy,Prepaid,Kolkata
1781,Ira Kaur,Postpaid,Pune
1782,Aditya Singh,Postpaid,Surat
1783,Divya Sinha,Prepaid,Chennai
1784,Zara Agarwal,Prepaid,Kolkata
1785,Ritu Iyer,Postpaid,Surat
1786,Sai Chopra,Prepaid,Ahmedabad
1787,Saanvi Sinha,Postpaid,Lucknow
1788,Meera Pillai,Postpaid,Hyderabad
1789,Arnav Nair,Prepaid,Chandigarh
1790,Dhruv Chatterjee,Prepaid,Mumbai
1791,Suresh Desai,Prepaid,Bengaluru
1792,Kavita Choudhury,Postpaid,Indore
1793,Ravi Verma,Postpaid,Indore
1794,Rajesh Trivedi,Prepaid,Bengaluru
1795,Anjali Saxena,Postpaid,Chennai
1796,Vihaan Ghosh,Postpaid,Mumbai
1797,Shivansh Choudhury,Postpaid,Indore
1798,Saanvi Dhillon,Prepaid,Mumbai
1799,Kiara Iyer,Postpaid,Kochi
1800,Anaya Patil,Prepaid,Kochi
1801,Karan Agarwal,Postpaid,Mumbai
1802,Ayaan Sharma,Postpaid,Jaipur
1803,Rahul Malhotra,Prepaid,Chennai
1804,Ayaan Shah,Postpaid,Jaipur
1805,Anjali Naidu,Postpaid,Mumbai
1806,Vivaan Gupta,Postpaid,Chandigarh
1807,Ayaan Roy,Postpaid,Nagpur
1808,Karan Sharma,Postpaid,Hyderabad
1809,Karan Gupta,Prepaid,Ahmedabad
1810,Sneha Mehta,Postpaid,Chennai
1811,Shaurya Malhotra,Postpaid,Pune
1812,Neha Iyer,Prepaid,Chennai
1813,Suresh Malhotra,Postpaid,Pune
1814,Priya Singh,Postpaid,Pune
1815,Saanvi Patil,Postpaid,Ahmedabad
1816,Preeti Jain,Postpaid,Mumbai
1817,Shaurya Chopra,Prepaid,Hyderabad
1818,Amit Choudhury,Postpaid,Indore
1819,Ishita Banerjee,Postpaid,Bengaluru
1820,Suresh Jadhav,Prepaid,Pune
1821,Ravi Roy,Prepaid,Jaipur
1822,Ravi Shah,Postpaid,Bengaluru
1823,Aarohi Kaur,Postpaid,Ahmedabad
1824,Anaya Bose,Postpaid,Hyderabad
1825,Kiara Mishra,Postpaid,Mumbai
1826,Zara Sinha,Prepaid,Ahmedabad
1827,Divya Shah,Prepaid,Kochi
1828,Ankit Dhillon,Prepaid,Jaipur
1829,Myra Khanna,Prepaid,Nagpur
1830,Avni Pandey,Postpaid,Chennai
1831,Aryan Chopra,Prepaid,Pune
1832,Kabir Iyer,Postpaid,Indore
1833,Karan Singh,Postpaid,Ahmedabad
1834,Priya Ghosh,Postpaid,Chandigarh
1835,Pooja Kaur,Postpaid,Chandigarh
1836,Aditya Mukherjee,Prepaid,Mumbai
1837,Shivansh Bose,Postpaid,Chennai
1838,Dev Choudhury,Prepaid,Ahmedabad
1839,Dev Pawar,Postpaid,Indore
1840,Amit Joshi,Prepaid,Delhi
1841,Krishna Kapoor,Prepaid,Chandigarh
1842,Dhruv Krishnan,Prepaid,Jaipur
1843,Rahul Mishra,Postpaid,Indore
1844,Vihaan Ghosh,Prepaid,Bengaluru
1845,Vivaan Bhatt,Prepaid,Pune
1846,Manoj Gupta,Prepaid,Nagpur
1847,Aayush Iyer,Postpaid,Pune
1848,Amit Deshpande,Prepaid,Chandigarh
1849,Priya Chatterjee,Postpaid,Mumbai
1850,Rajesh Kaur,Postpaid,Bengaluru
1851,Sai Chopra,Prepaid,Indore
1852,Reyansh Rao,Prepaid,Nagpur
1853,Amit Jadhav,Prepaid,Lucknow
1854,Myra Mehta,Prepaid,Chandigarh
1855,Ananya Naidu,Prepaid,Bengaluru
1856,Anjali Joshi,Postpaid,Kolkata
1857,Myra Mishra,Prepaid,Chennai
1858,Aryan More,Postpaid,Hyderabad
1859,Vivaan Choudhury,Prepaid,Jaipur
1860,Ritu Joshi,Postpaid,Delhi
1861,Reyansh Das,Prepaid,Pune
1862,Arnav Dhillon,Prepaid,Ahmedabad
1863,Krishna Pillai,Prepaid,Bengaluru
1864,Ravi Jain,Postpaid,Mumbai
1865,Sara More,Postpaid,Chandigarh
1866,Aryan Agarwal,Postpaid,Ahmedabad
1867,Vikram Ghosh,Prepaid,Bengaluru
1868,Rohan Deshpande,Prepaid,Nagpur
1869,Vihaan Dhillon,Postpaid,Surat
1870,Preeti Ghosh,Prepaid,Lucknow
1871,Shaurya Agarwal,Prepaid,Kolkata
1872,Navya Rao,Prepaid,Bengaluru
1873,Advait Iyer,Postpaid,Hyderabad
1874,Kavita Nair,Postpaid,Hyderabad
1875,Ananya Trivedi,Prepaid,Chandigarh
1876,Aadhya Trivedi,Postpaid,Chennai
1877,Ananya Agarwal,Postpaid,Ahmedabad
1878,Arjun Chatterjee,Prepaid,Jaipur
1879,Shaurya Jain,Postpaid,Chandigarh
1880,Pooja Jadhav,Postpaid,Hyderabad
1881,Vihaan Trivedi,Postpaid,Kochi
1882,Riya Kulkarni,Postpaid,Chennai
1883,Ayaan Sinha,Prepaid,Indore
1884,Arnav Desai,Postpaid,Delhi
1885,Kiara Desai,Postpaid,Chennai
1886,Shivansh Deshpande,Postpaid,Chandigarh
1887,Pooja Rao,Prepaid,Pune
1888,Shivansh Pillai,Postpaid,Chandigarh
1889,Anika Patel,Postpaid,Chandigarh
1890,Ira Joshi,Prepaid,Kochi
1891,Riya Jadhav,Prepaid,Pune
1892,Ishita Patel,Postpaid,Pune
1893,Rohan Gupta,Postpaid,Nagpur
1894,Ishaan Bose,Prepaid,Indore
1895,Dhruv Ghosh,Postpaid,Nagpur
1896,Reyansh Choudhury,Postpaid,Chennai
1897,Preeti Nair,Prepaid,Nagpur
1898,Ira Kumar,Postpaid,Chandigarh
1899,Kiara Roy,Prepaid,Bengaluru
1900,Reyansh Khanna,Postpaid,Ahmedabad
1901,Kiara Menon,Prepaid,Chennai
1902,Arnav Pandey,Prepaid,Pune
1903,Ishita Jadhav,Prepaid,Kochi
1904,Ishita Nair,Prepaid,Chennai
1905,Reyansh Agarwal,Prepaid,Indore
1906,Riya Pawar,Postpaid,Jaipur
1907,Atharv Sinha,Postpaid,Lucknow
1908,Manoj Saxena,Postpaid,Mumbai
1909,Aryan Gupta,Postpaid,Chandigarh
1910,Dhruv Malhotra,Postpaid,Jaipur
1911,Neha Agarwal,Prepaid,Nagpur
1912,Shivansh Gupta,Postpaid,Lucknow
1913,Kabir Kaur,Postpaid,Nagpur
1914,Sai Pillai,Postpaid,Kolkata
1915,Suresh Das,Postpaid,Pune
1916,Ravi Khanna,Postpaid,Chandigarh
1917,Shreya Nair,Postpaid,Indore
1918,Amit Pawar,Prepaid,Delhi
1919,Krishna Patil,Postpaid,Delhi
1920,Ishaan Mehta,Postpaid,Jaipur
1921,Aarav Joshi,Prepaid,Kochi
1922,Tara Nair,Postpaid,Chennai
1923,Ishita Malhotra,Prepaid,Lucknow
1924,Rahul Kapoor,Prepaid,Bengaluru
1925,Kabir Jadhav,Prepaid,Delhi
1926,Vikram Patil,Postpaid,Kochi
1927,Advait Desai,Postpaid,Lucknow
1928,Ayaan Dhillon,Prepaid,Delhi
1929,Ira Bhatt,Prepaid,Chennai
1930,Ritu Desai,Postpaid,Delhi
1931,Aarav Kaur,Postpaid,Nagpur
1932,Ishaan Joshi,Prepaid,Jaipur
1933,Sai Desai,Postpaid,Mumbai
1934,Aayush Reddy,Prepaid,Bengaluru
1935,Rahul Chopra,Prepaid,Hyderabad
1936,Shivansh Nair,Prepaid,Mumbai
1937,Sneha Sinha,Prepaid,Ahmedabad
1938,Dev Mehta,Postpaid,Bengaluru
1939,Aayush Das,Prepaid,Surat
1940,Manoj Choudhury,Postpaid,Nagpur
1941,Ira Gupta,Prepaid,Chennai
1942,Arnav Rao,Postpaid,Bengaluru
1943,Suresh Agarwal,Prepaid,Kolkata
1944,Kiara Jadhav,Prepaid,Kolkata
1945,Anjali Roy,Postpaid,Indore
1946,Advait Verma,Postpaid,Kolkata
1947,Sneha Roy,Prepaid,Kochi
1948,Vikram Khanna,Prepaid,Indore
1949,Meera Bose,Postpaid,Hyderabad
1950,Ishaan Bose,Postpaid,Lucknow
1951,Kavita Singh,Prepaid,Bengaluru
1952,Zara Agarwal,Prepaid,Hyderabad
1953,Ishita Sinha,Postpaid,Bengaluru
1954,Divya Pawar,Prepaid,Indore
1955,Priya Singh,Prepaid,Ahmedabad
1956,Sai Sharma,Postpaid,Kolkata
1957,Aditya Kumar,Postpaid,Chandigarh
1958,Aarohi Patil,Postpaid,Hyderabad
1959,Advait Mishra,Prepaid,Lucknow
1960,Divya Pillai,Prepaid,Pune
1961,Ayaan Chopra,Prepaid,Chandigarh
1962,Tara Das,Prepaid,Chandigarh
1963,Ravi Mishra,Prepaid,Pune
1964,Advait Joshi,Prepaid,Delhi
1965,Saanvi Gupta,Postpaid,Mumbai
1966,Ankit Choudhury,Prepaid,Pune
1967,Kabir More,Prepaid,Mumbai
1968,Aarav Dhillon,Prepaid,Kochi
1969,Aarav Mehta,Postpaid,Bengaluru
1970,Sneha Krishnan,Postpaid,Chennai
1971,Rahul Nair,Postpaid,Kochi
1972,Nisha Rao,Prepaid,Bengaluru
1973,Myra Joshi,Postpaid,Chandigarh
1974,Sai Kapoor,Prepaid,Jaipur
1975,Ankit Menon,Postpaid,Delhi
1976,Neha Sinha,Prepaid,Bengaluru
1977,Aadhya Kapoor,Prepaid,Surat
1978,Shreya Pawar,Prepaid,Kolkata
1979,Dhruv Menon,Prepaid,Delhi
1980,Avni Sharma,Prepaid,Delhi
1981,Priya Mukherjee,Postpaid,Surat
1982,Atharv Shah,Prepaid,Chandigarh
1983,Myra Dhillon,Postpaid,Kolkata
1984,Ravi Bose,Postpaid,Surat
1985,Aayush Agarwal,Postpaid,Nagpur
1986,Sai Sinha,Postpaid,Mumbai
1987,Pooja Pawar,Prepaid,Chennai
1988,Prisha Krishnan,Prepaid,Hyderabad
1989,Sai Deshpande,Postpaid,Indore
1990,Avni Chopra,Postpaid,Mumbai
1991,Anjali Deshpande,Prepaid,Bengaluru
1992,Diya Khanna,Postpaid,Kochi
1993,Preeti Bose,Postpaid,Bengaluru
1994,Ritu Trivedi,Prepaid,Kochi
1995,Meera Pillai,Prepaid,Chennai
1996,Aarav Pandey,Prepaid,Kolkata
1997,Divya Chatterjee,Prepaid,Bengaluru
1998,Aarav More,Postpaid,Nagpur
1999,Dhruv Chopra,Prepaid,Kolkata
2000,Sneha Bose,Postpaid,Jaipur
